jitter,window,phi,overall
jitter,window,phi,overall
0.00,0,0.982335,0.990137
0.00,1,0.987393,0.992801
0.00,2,0.981246,0.989902
0.00,3,0.985794,0.991945
0.00,4,0.985742,0.991905
0.00,5,0.981205,0.989804
0.00,6,0.986138,0.991937
0.00,7,0.981180,0.989730
0.00,8,0.983728,0.990998
0.00,9,0.980107,0.989136
0.00,10,0.986991,0.992457
0.00,11,0.985703,0.992006
0.00,12,0.987030,0.992321
0.00,13,0.983599,0.990710
0.00,14,0.986871,0.992234
0.00,15,0.983689,0.990745
0.00,16,0.981175,0.989886
0.00,17,0.984217,0.991087
0.00,18,0.984493,0.991200
0.00,19,0.986902,0.992463
0.00,20,0.983259,0.990624
0.00,21,0.986943,0.992358
0.00,22,0.983311,0.990714
0.00,23,0.986029,0.992126
0.00,24,0.986486,0.992074
0.00,25,0.983255,0.990845
0.00,26,0.987463,0.992620
0.00,27,0.985809,0.991836
0.00,28,0.982027,0.990090
0.00,29,0.985224,0.991678
0.00,30,0.985979,0.991836
0.00,31,0.983964,0.990824
0.00,32,0.982216,0.990073
0.00,33,0.983462,0.990803
0.00,34,0.980990,0.989603
0.00,35,0.984139,0.991007
0.00,36,0.985077,0.991606
0.00,37,0.982011,0.990223
0.00,38,0.985920,0.991940
0.00,39,0.985939,0.991688
jitter,window,phi,overall
0.05,0,0.984125,0.989362
0.05,1,0.985105,0.989903
0.05,2,0.980876,0.987815
0.05,3,0.982815,0.988352
0.05,4,0.983295,0.989165
0.05,5,0.983849,0.989509
0.05,6,0.984224,0.989386
0.05,7,0.987083,0.991148
0.05,8,0.980795,0.988375
0.05,9,0.982620,0.988725
0.05,10,0.984969,0.989699
0.05,11,0.987170,0.991227
0.05,12,0.982615,0.988828
0.05,13,0.982202,0.988157
0.05,14,0.984679,0.989793
0.05,15,0.986740,0.990809
0.05,16,0.986891,0.990893
0.05,17,0.980764,0.988387
0.05,18,0.980522,0.988040
0.05,19,0.985770,0.990461
0.05,20,0.984702,0.990074
0.05,21,0.979699,0.987387
0.05,22,0.985051,0.990177
0.05,23,0.980252,0.987905
0.05,24,0.981350,0.987725
0.05,25,0.985306,0.989933
0.05,26,0.985364,0.990688
0.05,27,0.980453,0.987456
0.05,28,0.986411,0.990812
0.05,29,0.983295,0.989110
0.05,30,0.981462,0.988387
0.05,31,0.982086,0.989060
0.05,32,0.986683,0.990826
0.05,33,0.986847,0.991070
0.05,34,0.983060,0.988896
0.05,35,0.986520,0.990884
0.05,36,0.986498,0.990691
0.05,37,0.981852,0.988199
0.05,38,0.982101,0.988755
0.05,39,0.983070,0.988755
jitter,window,phi,overall
0.10,0,0.980558,0.985429
0.10,1,0.979015,0.984630
0.10,2,0.980914,0.986130
0.10,3,0.980139,0.985744
0.10,4,0.978542,0.985033
0.10,5,0.979712,0.985424
0.10,6,0.982670,0.987211
0.10,7,0.981335,0.985726
0.10,8,0.982000,0.986537
0.10,9,0.983230,0.987362
0.10,10,0.978799,0.984962
0.10,11,0.979717,0.985038
0.10,12,0.982937,0.987085
0.10,13,0.979948,0.985063
0.10,14,0.980736,0.985834
0.10,15,0.978703,0.985302
0.10,16,0.982951,0.987083
0.10,17,0.983438,0.987661
0.10,18,0.984069,0.988367
0.10,19,0.981584,0.986465
0.10,20,0.984213,0.988138
0.10,21,0.977506,0.983918
0.10,22,0.981397,0.986309
0.10,23,0.982594,0.986759
0.10,24,0.982325,0.986827
0.10,25,0.977700,0.984212
0.10,26,0.978430,0.984871
0.10,27,0.982887,0.987112
0.10,28,0.983831,0.987691
0.10,29,0.981406,0.986475
0.10,30,0.982009,0.986421
0.10,31,0.981437,0.986530
0.10,32,0.981482,0.986365
0.10,33,0.980212,0.985418
0.10,34,0.982091,0.986562
0.10,35,0.979848,0.984918
0.10,36,0.977725,0.984037
0.10,37,0.983655,0.987669
0.10,38,0.980453,0.985834
0.10,39,0.977916,0.984734
jitter,window,phi,overall
0.15,0,0.976828,0.982352
0.15,1,0.976357,0.982612
0.15,2,0.976212,0.981953
0.15,3,0.978214,0.983335
0.15,4,0.980056,0.984621
0.15,5,0.978589,0.983415
0.15,6,0.978282,0.983349
0.15,7,0.974425,0.980498
0.15,8,0.980062,0.984571
0.15,9,0.978513,0.983400
0.15,10,0.976503,0.982224
0.15,11,0.976948,0.982691
0.15,12,0.979164,0.984343
0.15,13,0.978001,0.983232
0.15,14,0.975102,0.981483
0.15,15,0.978444,0.983501
0.15,16,0.974739,0.980672
0.15,17,0.979249,0.984040
0.15,18,0.977461,0.982928
0.15,19,0.977724,0.982846
0.15,20,0.975765,0.982005
0.15,21,0.978799,0.983585
0.15,22,0.977534,0.982783
0.15,23,0.978875,0.983937
0.15,24,0.976200,0.982076
0.15,25,0.978303,0.983330
0.15,26,0.977642,0.983185
0.15,27,0.976798,0.982451
0.15,28,0.975784,0.981688
0.15,29,0.979935,0.984698
0.15,30,0.975324,0.981217
0.15,31,0.976207,0.981887
0.15,32,0.975493,0.981283
0.15,33,0.980724,0.985073
0.15,34,0.980667,0.985087
0.15,35,0.979657,0.984246
0.15,36,0.978039,0.983329
0.15,37,0.978035,0.983062
0.15,38,0.978317,0.983296
0.15,39,0.979995,0.984556
jitter,window,phi,overall
0.20,0,0.644766,0.754778
0.20,1,0.670026,0.771204
0.20,2,0.682726,0.780272
0.20,3,0.708020,0.797000
0.20,4,0.669971,0.770843
0.20,5,0.695053,0.785826
0.20,6,0.720323,0.802461
0.20,7,0.795998,0.852151
0.20,8,0.783124,0.842169
0.20,9,0.770912,0.836383
0.20,10,0.732856,0.810150
0.20,11,0.808712,0.861169
0.20,12,0.758185,0.827296
0.20,13,0.720197,0.801420
0.20,14,0.707831,0.795484
0.20,15,0.757991,0.826004
0.20,16,0.745758,0.820419
0.20,17,0.670146,0.772362
0.20,18,0.720361,0.802699
0.20,19,0.771161,0.838238
0.20,20,0.720354,0.802744
0.20,21,0.670069,0.771799
0.20,22,0.645002,0.757347
0.20,23,0.770695,0.834917
0.20,24,0.732966,0.810832
0.20,25,0.657438,0.763379
0.20,26,0.783467,0.844308
0.20,27,0.795964,0.852017
0.20,28,0.720161,0.801239
0.20,29,0.644888,0.756142
0.20,30,0.695282,0.787617
0.20,31,0.632478,0.750533
0.20,32,0.720488,0.803761
0.20,33,0.732995,0.811067
0.20,34,0.708009,0.796881
0.20,35,0.644920,0.756429
0.20,36,0.720389,0.803075
0.20,37,0.745737,0.820272
0.20,38,0.758239,0.827822
0.20,39,0.821379,0.870005
