d,path,phi,overall,below_gap1,below_accept
0.0000,uniforme,1.000000,1.000000,false,false
0.0020,uniforme,0.998000,0.998000,false,false
0.0040,uniforme,0.996000,0.996000,false,false
0.0060,uniforme,0.994000,0.994000,false,false
0.0080,uniforme,0.992000,0.992000,false,false
0.0100,uniforme,0.990000,0.990000,false,false
0.0120,uniforme,0.988000,0.988000,false,false
0.0140,uniforme,0.986000,0.986000,false,false
0.0160,uniforme,0.984000,0.984000,false,false
0.0180,uniforme,0.982000,0.982000,false,false
0.0200,uniforme,0.980000,0.980000,false,false
0.0220,uniforme,0.978000,0.978000,false,false
0.0240,uniforme,0.976000,0.976000,false,false
0.0260,uniforme,0.974000,0.974000,false,false
0.0280,uniforme,0.972000,0.972000,false,false
0.0300,uniforme,0.970000,0.970000,false,false
0.0320,uniforme,0.968000,0.968000,false,false
0.0340,uniforme,0.966000,0.966000,false,false
0.0360,uniforme,0.964000,0.964000,false,false
0.0380,uniforme,0.962000,0.962000,false,false
0.0400,uniforme,0.960000,0.960000,false,false
0.0420,uniforme,0.958000,0.958000,false,false
0.0440,uniforme,0.956000,0.956000,false,false
0.0460,uniforme,0.954000,0.954000,false,false
0.0480,uniforme,0.952000,0.952000,false,false
0.0500,uniforme,0.950000,0.950000,false,false
0.0520,uniforme,0.948000,0.948000,false,false
0.0540,uniforme,0.946000,0.946000,false,false
0.0560,uniforme,0.944000,0.944000,false,false
0.0580,uniforme,0.942000,0.942000,false,false
0.0600,uniforme,0.940000,0.940000,false,false
0.0620,uniforme,0.938000,0.938000,false,false
0.0640,uniforme,0.936000,0.936000,false,false
0.0660,uniforme,0.934000,0.934000,false,false
0.0680,uniforme,0.932000,0.932000,false,false
0.0700,uniforme,0.930000,0.930000,false,false
0.0720,uniforme,0.928000,0.928000,false,false
0.0740,uniforme,0.926000,0.926000,false,false
0.0760,uniforme,0.924000,0.924000,false,false
0.0780,uniforme,0.922000,0.922000,false,false
0.0800,uniforme,0.920000,0.920000,false,false
0.0820,uniforme,0.918000,0.918000,false,false
0.0840,uniforme,0.916000,0.916000,false,false
0.0860,uniforme,0.914000,0.914000,false,false
0.0880,uniforme,0.912000,0.912000,false,false
0.0900,uniforme,0.910000,0.910000,false,false
0.0920,uniforme,0.908000,0.908000,false,false
0.0940,uniforme,0.906000,0.906000,false,false
0.0960,uniforme,0.904000,0.904000,false,false
0.0980,uniforme,0.902000,0.902000,false,false
0.1000,uniforme,0.900000,0.900000,false,false
0.1020,uniforme,0.898000,0.898000,false,false
0.1040,uniforme,0.896000,0.896000,false,false
0.1060,uniforme,0.894000,0.894000,false,false
0.1080,uniforme,0.892000,0.892000,false,false
0.1100,uniforme,0.890000,0.890000,false,false
0.1120,uniforme,0.888000,0.888000,false,false
0.1140,uniforme,0.886000,0.886000,false,false
0.1160,uniforme,0.884000,0.884000,false,false
0.1180,uniforme,0.882000,0.882000,false,false
0.1200,uniforme,0.880000,0.880000,false,false
0.1220,uniforme,0.878000,0.878000,false,false
0.1240,uniforme,0.876000,0.876000,false,false
0.1260,uniforme,0.874000,0.874000,false,false
0.1280,uniforme,0.872000,0.872000,false,false
0.1300,uniforme,0.870000,0.870000,false,false
0.1320,uniforme,0.868000,0.868000,false,false
0.1340,uniforme,0.866000,0.866000,false,false
0.1360,uniforme,0.864000,0.864000,false,false
0.1380,uniforme,0.862000,0.862000,false,false
0.1400,uniforme,0.860000,0.860000,false,false
0.1420,uniforme,0.858000,0.858000,false,false
0.1440,uniforme,0.856000,0.856000,false,false
0.1460,uniforme,0.854000,0.854000,false,false
0.1480,uniforme,0.852000,0.852000,false,false
0.1500,uniforme,0.850000,0.850000,false,false
0.1520,uniforme,0.848000,0.848000,false,false
0.1540,uniforme,0.846000,0.846000,false,false
0.1560,uniforme,0.844000,0.844000,false,false
0.1580,uniforme,0.842000,0.842000,false,false
0.1600,uniforme,0.840000,0.840000,false,false
0.1620,uniforme,0.838000,0.838000,false,false
0.1640,uniforme,0.836000,0.836000,false,false
0.1660,uniforme,0.834000,0.834000,false,false
0.1680,uniforme,0.832000,0.832000,false,false
0.1700,uniforme,0.830000,0.830000,false,false
0.1720,uniforme,0.828000,0.828000,false,false
0.1740,uniforme,0.826000,0.826000,false,false
0.1760,uniforme,0.824000,0.824000,false,false
0.1780,uniforme,0.822000,0.822000,false,false
0.1800,uniforme,0.820000,0.820000,false,false
0.1820,uniforme,0.818000,0.818000,false,false
0.1840,uniforme,0.816000,0.816000,false,false
0.1860,uniforme,0.814000,0.814000,false,false
0.1880,uniforme,0.812000,0.812000,false,false
0.1900,uniforme,0.810000,0.810000,false,false
0.1920,uniforme,0.808000,0.808000,false,false
0.1940,uniforme,0.806000,0.806000,false,false
0.1960,uniforme,0.804000,0.804000,false,false
0.1980,uniforme,0.802000,0.802000,false,false
0.2000,uniforme,0.800000,0.800000,false,true
0.2020,uniforme,0.798000,0.798000,false,true
0.2040,uniforme,0.796000,0.796000,false,true
0.2060,uniforme,0.794000,0.794000,false,true
0.2080,uniforme,0.792000,0.792000,false,true
0.2100,uniforme,0.790000,0.790000,false,true
0.2120,uniforme,0.788000,0.788000,false,true
0.2140,uniforme,0.786000,0.786000,false,true
0.2160,uniforme,0.784000,0.784000,false,true
0.2180,uniforme,0.782000,0.782000,false,true
0.2200,uniforme,0.780000,0.780000,false,true
0.2220,uniforme,0.778000,0.778000,false,true
0.2240,uniforme,0.776000,0.776000,false,true
0.2260,uniforme,0.774000,0.774000,false,true
0.2280,uniforme,0.772000,0.772000,false,true
0.2300,uniforme,0.770000,0.770000,false,true
0.2320,uniforme,0.768000,0.768000,false,true
0.2340,uniforme,0.766000,0.766000,false,true
0.2360,uniforme,0.764000,0.764000,false,true
0.2380,uniforme,0.762000,0.762000,false,true
0.2400,uniforme,0.760000,0.760000,false,true
0.2420,uniforme,0.758000,0.758000,false,true
0.2440,uniforme,0.756000,0.756000,false,true
0.2460,uniforme,0.754000,0.754000,false,true
0.2480,uniforme,0.752000,0.752000,false,true
0.2500,uniforme,0.750000,0.750000,false,true
0.2520,uniforme,0.748000,0.748000,false,true
0.2540,uniforme,0.746000,0.746000,false,true
0.2560,uniforme,0.744000,0.744000,false,true
0.2580,uniforme,0.742000,0.742000,false,true
0.2600,uniforme,0.740000,0.740000,false,true
0.2620,uniforme,0.738000,0.738000,false,true
0.2640,uniforme,0.736000,0.736000,false,true
0.2660,uniforme,0.734000,0.734000,false,true
0.2680,uniforme,0.732000,0.732000,false,true
0.2700,uniforme,0.730000,0.730000,false,true
0.2720,uniforme,0.728000,0.728000,false,true
0.2740,uniforme,0.726000,0.726000,false,true
0.2760,uniforme,0.724000,0.724000,false,true
0.2780,uniforme,0.722000,0.722000,false,true
0.2800,uniforme,0.720000,0.720000,false,true
0.2820,uniforme,0.718000,0.718000,false,true
0.2840,uniforme,0.716000,0.716000,false,true
0.2860,uniforme,0.714000,0.714000,false,true
0.2880,uniforme,0.712000,0.712000,false,true
0.2900,uniforme,0.710000,0.710000,false,true
0.2920,uniforme,0.708000,0.708000,false,true
0.2940,uniforme,0.706000,0.706000,false,true
0.2960,uniforme,0.704000,0.704000,false,true
0.2980,uniforme,0.702000,0.702000,false,true
0.3000,uniforme,0.700000,0.700000,false,true
0.3020,uniforme,0.698000,0.698000,false,true
0.3040,uniforme,0.696000,0.696000,false,true
0.3060,uniforme,0.694000,0.694000,false,true
0.3080,uniforme,0.692000,0.692000,false,true
0.3100,uniforme,0.690000,0.690000,false,true
0.3120,uniforme,0.688000,0.688000,false,true
0.3140,uniforme,0.686000,0.686000,false,true
0.3160,uniforme,0.684000,0.684000,false,true
0.3180,uniforme,0.682000,0.682000,false,true
0.3200,uniforme,0.680000,0.680000,false,true
0.3220,uniforme,0.678000,0.678000,false,true
0.3240,uniforme,0.676000,0.676000,false,true
0.3260,uniforme,0.674000,0.674000,false,true
0.3280,uniforme,0.672000,0.672000,false,true
0.3300,uniforme,0.670000,0.670000,false,true
0.3320,uniforme,0.668000,0.668000,false,true
0.3340,uniforme,0.666000,0.666000,false,true
0.3360,uniforme,0.664000,0.664000,false,true
0.3380,uniforme,0.662000,0.662000,false,true
0.3400,uniforme,0.660000,0.660000,false,true
0.3420,uniforme,0.658000,0.658000,false,true
0.3440,uniforme,0.656000,0.656000,false,true
0.3460,uniforme,0.654000,0.654000,false,true
0.3480,uniforme,0.652000,0.652000,false,true
0.3500,uniforme,0.650000,0.650000,false,true
0.3520,uniforme,0.648000,0.648000,false,true
0.3540,uniforme,0.646000,0.646000,false,true
0.3560,uniforme,0.644000,0.644000,false,true
0.3580,uniforme,0.642000,0.642000,false,true
0.3600,uniforme,0.640000,0.640000,false,true
0.3620,uniforme,0.638000,0.638000,false,true
0.3640,uniforme,0.636000,0.636000,false,true
0.3660,uniforme,0.634000,0.634000,false,true
0.3680,uniforme,0.632000,0.632000,false,true
0.3700,uniforme,0.630000,0.630000,false,true
0.3720,uniforme,0.628000,0.628000,false,true
0.3740,uniforme,0.626000,0.626000,false,true
0.3760,uniforme,0.624000,0.624000,false,true
0.3780,uniforme,0.622000,0.622000,false,true
0.3800,uniforme,0.620000,0.620000,false,true
0.3820,uniforme,0.618000,0.618000,false,true
0.3840,uniforme,0.616000,0.616000,false,true
0.3860,uniforme,0.614000,0.614000,false,true
0.3880,uniforme,0.612000,0.612000,false,true
0.3900,uniforme,0.610000,0.610000,false,true
0.3920,uniforme,0.608000,0.608000,false,true
0.3940,uniforme,0.606000,0.606000,false,true
0.3960,uniforme,0.604000,0.604000,false,true
0.3980,uniforme,0.602000,0.602000,false,true
0.4000,uniforme,0.600000,0.600000,false,true
0.4020,uniforme,0.598000,0.598000,false,true
0.4040,uniforme,0.596000,0.596000,false,true
0.4060,uniforme,0.594000,0.594000,false,true
0.4080,uniforme,0.592000,0.592000,false,true
0.4100,uniforme,0.590000,0.590000,false,true
0.4120,uniforme,0.588000,0.588000,false,true
0.4140,uniforme,0.586000,0.586000,false,true
0.4160,uniforme,0.584000,0.584000,false,true
0.4180,uniforme,0.582000,0.582000,false,true
0.4200,uniforme,0.580000,0.580000,false,true
0.4220,uniforme,0.578000,0.578000,false,true
0.4240,uniforme,0.576000,0.576000,true,true
0.4260,uniforme,0.574000,0.574000,true,true
0.4280,uniforme,0.572000,0.572000,true,true
0.4300,uniforme,0.570000,0.570000,true,true
0.4320,uniforme,0.568000,0.568000,true,true
0.4340,uniforme,0.566000,0.566000,true,true
0.4360,uniforme,0.564000,0.564000,true,true
0.4380,uniforme,0.562000,0.562000,true,true
0.4400,uniforme,0.560000,0.560000,true,true
0.4420,uniforme,0.558000,0.558000,true,true
0.4440,uniforme,0.556000,0.556000,true,true
0.4460,uniforme,0.554000,0.554000,true,true
0.4480,uniforme,0.552000,0.552000,true,true
0.4500,uniforme,0.550000,0.550000,true,true
0.4520,uniforme,0.548000,0.548000,true,true
0.4540,uniforme,0.546000,0.546000,true,true
0.4560,uniforme,0.544000,0.544000,true,true
0.4580,uniforme,0.542000,0.542000,true,true
0.4600,uniforme,0.540000,0.540000,true,true
0.4620,uniforme,0.538000,0.538000,true,true
0.4640,uniforme,0.536000,0.536000,true,true
0.4660,uniforme,0.534000,0.534000,true,true
0.4680,uniforme,0.532000,0.532000,true,true
0.4700,uniforme,0.530000,0.530000,true,true
0.4720,uniforme,0.528000,0.528000,true,true
0.4740,uniforme,0.526000,0.526000,true,true
0.4760,uniforme,0.524000,0.524000,true,true
0.4780,uniforme,0.522000,0.522000,true,true
0.4800,uniforme,0.520000,0.520000,true,true
0.4820,uniforme,0.518000,0.518000,true,true
0.4840,uniforme,0.516000,0.516000,true,true
0.4860,uniforme,0.514000,0.514000,true,true
0.4880,uniforme,0.512000,0.512000,true,true
0.4900,uniforme,0.510000,0.510000,true,true
0.4920,uniforme,0.508000,0.508000,true,true
0.4940,uniforme,0.506000,0.506000,true,true
0.4960,uniforme,0.504000,0.504000,true,true
0.4980,uniforme,0.502000,0.502000,true,true
0.5000,uniforme,0.500000,0.500000,true,true
0.5020,uniforme,0.498000,0.498000,true,true
0.5040,uniforme,0.496000,0.496000,true,true
0.5060,uniforme,0.494000,0.494000,true,true
0.5080,uniforme,0.492000,0.492000,true,true
0.5100,uniforme,0.490000,0.490000,true,true
0.5120,uniforme,0.488000,0.488000,true,true
0.5140,uniforme,0.486000,0.486000,true,true
0.5160,uniforme,0.484000,0.484000,true,true
0.5180,uniforme,0.482000,0.482000,true,true
0.5200,uniforme,0.480000,0.480000,true,true
0.5220,uniforme,0.478000,0.478000,true,true
0.5240,uniforme,0.476000,0.476000,true,true
0.5260,uniforme,0.474000,0.474000,true,true
0.5280,uniforme,0.472000,0.472000,true,true
0.5300,uniforme,0.470000,0.470000,true,true
0.5320,uniforme,0.468000,0.468000,true,true
0.5340,uniforme,0.466000,0.466000,true,true
0.5360,uniforme,0.464000,0.464000,true,true
0.5380,uniforme,0.462000,0.462000,true,true
0.5400,uniforme,0.460000,0.460000,true,true
0.5420,uniforme,0.458000,0.458000,true,true
0.5440,uniforme,0.456000,0.456000,true,true
0.5460,uniforme,0.454000,0.454000,true,true
0.5480,uniforme,0.452000,0.452000,true,true
0.5500,uniforme,0.450000,0.450000,true,true
0.5520,uniforme,0.448000,0.448000,true,true
0.5540,uniforme,0.446000,0.446000,true,true
0.5560,uniforme,0.444000,0.444000,true,true
0.5580,uniforme,0.442000,0.442000,true,true
0.5600,uniforme,0.440000,0.440000,true,true
0.5620,uniforme,0.438000,0.438000,true,true
0.5640,uniforme,0.436000,0.436000,true,true
0.5660,uniforme,0.434000,0.434000,true,true
0.5680,uniforme,0.432000,0.432000,true,true
0.5700,uniforme,0.430000,0.430000,true,true
0.5720,uniforme,0.428000,0.428000,true,true
0.5740,uniforme,0.426000,0.426000,true,true
0.5760,uniforme,0.424000,0.424000,true,true
0.5780,uniforme,0.422000,0.422000,true,true
0.5800,uniforme,0.420000,0.420000,true,true
0.5820,uniforme,0.418000,0.418000,true,true
0.5840,uniforme,0.416000,0.416000,true,true
0.5860,uniforme,0.414000,0.414000,true,true
0.5880,uniforme,0.412000,0.412000,true,true
0.5900,uniforme,0.410000,0.410000,true,true
0.5920,uniforme,0.408000,0.408000,true,true
0.5940,uniforme,0.406000,0.406000,true,true
0.5960,uniforme,0.404000,0.404000,true,true
0.5980,uniforme,0.402000,0.402000,true,true
0.6000,uniforme,0.400000,0.400000,true,true
0.6020,uniforme,0.398000,0.398000,true,true
0.6040,uniforme,0.396000,0.396000,true,true
0.6060,uniforme,0.394000,0.394000,true,true
0.6080,uniforme,0.392000,0.392000,true,true
0.6100,uniforme,0.390000,0.390000,true,true
0.6120,uniforme,0.388000,0.388000,true,true
0.6140,uniforme,0.386000,0.386000,true,true
0.6160,uniforme,0.384000,0.384000,true,true
0.6180,uniforme,0.382000,0.382000,true,true
0.6200,uniforme,0.380000,0.380000,true,true
0.6220,uniforme,0.378000,0.378000,true,true
0.6240,uniforme,0.376000,0.376000,true,true
0.6260,uniforme,0.374000,0.374000,true,true
0.6280,uniforme,0.372000,0.372000,true,true
0.6300,uniforme,0.370000,0.370000,true,true
0.6320,uniforme,0.368000,0.368000,true,true
0.6340,uniforme,0.366000,0.366000,true,true
0.6360,uniforme,0.364000,0.364000,true,true
0.6380,uniforme,0.362000,0.362000,true,true
0.6400,uniforme,0.360000,0.360000,true,true
0.6420,uniforme,0.358000,0.358000,true,true
0.6440,uniforme,0.356000,0.356000,true,true
0.6460,uniforme,0.354000,0.354000,true,true
0.6480,uniforme,0.352000,0.352000,true,true
0.6500,uniforme,0.350000,0.350000,true,true
0.6520,uniforme,0.348000,0.348000,true,true
0.6540,uniforme,0.346000,0.346000,true,true
0.6560,uniforme,0.344000,0.344000,true,true
0.6580,uniforme,0.342000,0.342000,true,true
0.6600,uniforme,0.340000,0.340000,true,true
0.6620,uniforme,0.338000,0.338000,true,true
0.6640,uniforme,0.336000,0.336000,true,true
0.6660,uniforme,0.334000,0.334000,true,true
0.6680,uniforme,0.332000,0.332000,true,true
0.6700,uniforme,0.330000,0.330000,true,true
0.6720,uniforme,0.328000,0.328000,true,true
0.6740,uniforme,0.326000,0.326000,true,true
0.6760,uniforme,0.324000,0.324000,true,true
0.6780,uniforme,0.322000,0.322000,true,true
0.6800,uniforme,0.320000,0.320000,true,true
0.6820,uniforme,0.318000,0.318000,true,true
0.6840,uniforme,0.316000,0.316000,true,true
0.6860,uniforme,0.314000,0.314000,true,true
0.6880,uniforme,0.312000,0.312000,true,true
0.6900,uniforme,0.310000,0.310000,true,true
0.6920,uniforme,0.308000,0.308000,true,true
0.6940,uniforme,0.306000,0.306000,true,true
0.6960,uniforme,0.304000,0.304000,true,true
0.6980,uniforme,0.302000,0.302000,true,true
0.7000,uniforme,0.300000,0.300000,true,true
0.7020,uniforme,0.298000,0.298000,true,true
0.7040,uniforme,0.296000,0.296000,true,true
0.7060,uniforme,0.294000,0.294000,true,true
0.7080,uniforme,0.292000,0.292000,true,true
0.7100,uniforme,0.290000,0.290000,true,true
0.7120,uniforme,0.288000,0.288000,true,true
0.7140,uniforme,0.286000,0.286000,true,true
0.7160,uniforme,0.284000,0.284000,true,true
0.7180,uniforme,0.282000,0.282000,true,true
0.7200,uniforme,0.280000,0.280000,true,true
0.7220,uniforme,0.278000,0.278000,true,true
0.7240,uniforme,0.276000,0.276000,true,true
0.7260,uniforme,0.274000,0.274000,true,true
0.7280,uniforme,0.272000,0.272000,true,true
0.7300,uniforme,0.270000,0.270000,true,true
0.7320,uniforme,0.268000,0.268000,true,true
0.7340,uniforme,0.266000,0.266000,true,true
0.7360,uniforme,0.264000,0.264000,true,true
0.7380,uniforme,0.262000,0.262000,true,true
0.7400,uniforme,0.260000,0.260000,true,true
0.7420,uniforme,0.258000,0.258000,true,true
0.7440,uniforme,0.256000,0.256000,true,true
0.7460,uniforme,0.254000,0.254000,true,true
0.7480,uniforme,0.252000,0.252000,true,true
0.7500,uniforme,0.250000,0.250000,true,true
0.7520,uniforme,0.248000,0.248000,true,true
0.7540,uniforme,0.246000,0.246000,true,true
0.7560,uniforme,0.244000,0.244000,true,true
0.7580,uniforme,0.242000,0.242000,true,true
0.7600,uniforme,0.240000,0.240000,true,true
0.7620,uniforme,0.238000,0.238000,true,true
0.7640,uniforme,0.236000,0.236000,true,true
0.7660,uniforme,0.234000,0.234000,true,true
0.7680,uniforme,0.232000,0.232000,true,true
0.7700,uniforme,0.230000,0.230000,true,true
0.7720,uniforme,0.228000,0.228000,true,true
0.7740,uniforme,0.226000,0.226000,true,true
0.7760,uniforme,0.224000,0.224000,true,true
0.7780,uniforme,0.222000,0.222000,true,true
0.7800,uniforme,0.220000,0.220000,true,true
0.7820,uniforme,0.218000,0.218000,true,true
0.7840,uniforme,0.216000,0.216000,true,true
0.7860,uniforme,0.214000,0.214000,true,true
0.7880,uniforme,0.212000,0.212000,true,true
0.7900,uniforme,0.210000,0.210000,true,true
0.7920,uniforme,0.208000,0.208000,true,true
0.7940,uniforme,0.206000,0.206000,true,true
0.7960,uniforme,0.204000,0.204000,true,true
0.7980,uniforme,0.202000,0.202000,true,true
0.8000,uniforme,0.200000,0.200000,true,true
0.8020,uniforme,0.198000,0.198000,true,true
0.8040,uniforme,0.196000,0.196000,true,true
0.8060,uniforme,0.194000,0.194000,true,true
0.8080,uniforme,0.192000,0.192000,true,true
0.8100,uniforme,0.190000,0.190000,true,true
0.8120,uniforme,0.188000,0.188000,true,true
0.8140,uniforme,0.186000,0.186000,true,true
0.8160,uniforme,0.184000,0.184000,true,true
0.8180,uniforme,0.182000,0.182000,true,true
0.8200,uniforme,0.180000,0.180000,true,true
0.8220,uniforme,0.178000,0.178000,true,true
0.8240,uniforme,0.176000,0.176000,true,true
0.8260,uniforme,0.174000,0.174000,true,true
0.8280,uniforme,0.172000,0.172000,true,true
0.8300,uniforme,0.170000,0.170000,true,true
0.8320,uniforme,0.168000,0.168000,true,true
0.8340,uniforme,0.166000,0.166000,true,true
0.8360,uniforme,0.164000,0.164000,true,true
0.8380,uniforme,0.162000,0.162000,true,true
0.8400,uniforme,0.160000,0.160000,true,true
0.8420,uniforme,0.158000,0.158000,true,true
0.8440,uniforme,0.156000,0.156000,true,true
0.8460,uniforme,0.154000,0.154000,true,true
0.8480,uniforme,0.152000,0.152000,true,true
0.8500,uniforme,0.150000,0.150000,true,true
0.8520,uniforme,0.148000,0.148000,true,true
0.8540,uniforme,0.146000,0.146000,true,true
0.8560,uniforme,0.144000,0.144000,true,true
0.8580,uniforme,0.142000,0.142000,true,true
0.8600,uniforme,0.140000,0.140000,true,true
0.8620,uniforme,0.138000,0.138000,true,true
0.8640,uniforme,0.136000,0.136000,true,true
0.8660,uniforme,0.134000,0.134000,true,true
0.8680,uniforme,0.132000,0.132000,true,true
0.8700,uniforme,0.130000,0.130000,true,true
0.8720,uniforme,0.128000,0.128000,true,true
0.8740,uniforme,0.126000,0.126000,true,true
0.8760,uniforme,0.124000,0.124000,true,true
0.8780,uniforme,0.122000,0.122000,true,true
0.8800,uniforme,0.120000,0.120000,true,true
0.8820,uniforme,0.118000,0.118000,true,true
0.8840,uniforme,0.116000,0.116000,true,true
0.8860,uniforme,0.114000,0.114000,true,true
0.8880,uniforme,0.112000,0.112000,true,true
0.8900,uniforme,0.110000,0.110000,true,true
0.8920,uniforme,0.108000,0.108000,true,true
0.8940,uniforme,0.106000,0.106000,true,true
0.8960,uniforme,0.104000,0.104000,true,true
0.8980,uniforme,0.102000,0.102000,true,true
0.9000,uniforme,0.100000,0.100000,true,true
0.9020,uniforme,0.098000,0.098000,true,true
0.9040,uniforme,0.096000,0.096000,true,true
0.9060,uniforme,0.094000,0.094000,true,true
0.9080,uniforme,0.092000,0.092000,true,true
0.9100,uniforme,0.090000,0.090000,true,true
0.9120,uniforme,0.088000,0.088000,true,true
0.9140,uniforme,0.086000,0.086000,true,true
0.9160,uniforme,0.084000,0.084000,true,true
0.9180,uniforme,0.082000,0.082000,true,true
0.9200,uniforme,0.080000,0.080000,true,true
0.9220,uniforme,0.078000,0.078000,true,true
0.9240,uniforme,0.076000,0.076000,true,true
0.9260,uniforme,0.074000,0.074000,true,true
0.9280,uniforme,0.072000,0.072000,true,true
0.9300,uniforme,0.070000,0.070000,true,true
0.9320,uniforme,0.068000,0.068000,true,true
0.9340,uniforme,0.066000,0.066000,true,true
0.9360,uniforme,0.064000,0.064000,true,true
0.9380,uniforme,0.062000,0.062000,true,true
0.9400,uniforme,0.060000,0.060000,true,true
0.9420,uniforme,0.058000,0.058000,true,true
0.9440,uniforme,0.056000,0.056000,true,true
0.9460,uniforme,0.054000,0.054000,true,true
0.9480,uniforme,0.052000,0.052000,true,true
0.9500,uniforme,0.050000,0.050000,true,true
0.9520,uniforme,0.048000,0.048000,true,true
0.9540,uniforme,0.046000,0.046000,true,true
0.9560,uniforme,0.044000,0.044000,true,true
0.9580,uniforme,0.042000,0.042000,true,true
0.9600,uniforme,0.040000,0.040000,true,true
0.9620,uniforme,0.038000,0.038000,true,true
0.9640,uniforme,0.036000,0.036000,true,true
0.9660,uniforme,0.034000,0.034000,true,true
0.9680,uniforme,0.032000,0.032000,true,true
0.9700,uniforme,0.030000,0.030000,true,true
0.9720,uniforme,0.028000,0.028000,true,true
0.9740,uniforme,0.026000,0.026000,true,true
0.9760,uniforme,0.024000,0.024000,true,true
0.9780,uniforme,0.022000,0.022000,true,true
0.9800,uniforme,0.020000,0.020000,true,true
0.9820,uniforme,0.018000,0.018000,true,true
0.9840,uniforme,0.016000,0.016000,true,true
0.9860,uniforme,0.014000,0.014000,true,true
0.9880,uniforme,0.012000,0.012000,true,true
0.9900,uniforme,0.010000,0.010000,true,true
0.9920,uniforme,0.008000,0.008000,true,true
0.9940,uniforme,0.006000,0.006000,true,true
0.9960,uniforme,0.004000,0.004000,true,true
0.9980,uniforme,0.002000,0.002000,true,true
1.0000,uniforme,-0.000000,-0.000000,true,true
